id	name	type	url	description
35946	Sherry Birkin		https://anilist.co/character/35946	
35947	Annette Birkin		https://anilist.co/character/35947	
36095	Tyrant		https://anilist.co/character/36095	
389695	Mi-Rae Kang	Q1114461	https://anilist.co/character/389695	강미래. Character in Last on Earth
389696	Sang-Hyeon Sin	Q1114461	https://anilist.co/character/389696	신상현. Character in Artifact-Devouring Player
389697	Yeo-Ju Kim	Q1114461	https://anilist.co/character/389697	김여주. Character in Jipchakgwanggong Jipsajeollak
389698	Ji-Rak O	Q1114461	https://anilist.co/character/389698	오지락. Character in Jipchakgwanggong Jipsajeollak
389699	Ha Biseo	Q1114461	https://anilist.co/character/389699	하비서. Character in Jipchakgwanggong Jipsajeollak
389700	Hillan Kagil	Q1114461	https://anilist.co/character/389700	힐런 카길. Character in Mawanginde Yongsaga Neomu Maneum
389701	Roger Friedrich	Q1114461	https://anilist.co/character/389701	로거 프리드리. Character in Mawanginde Yongsaga Neomu Maneum
389702	Chloe Mueller	Q1114461	https://anilist.co/character/389702	클로에 뮐러. Character in The Legendary Hero is an Academy Honors Student
389703	Xia Chen	Q1114461	https://anilist.co/character/389703	첸 시아. Character in The Legendary Hero is an Academy Honors Student
389704	Seo-Yeon Son	Q1114461	https://anilist.co/character/389704	손서연. Character in My Very Own Tower Strategy Guide
389707	Ince Zangwill	Q15711870	https://anilist.co/character/389707	因斯·赞格威尔. Character in Lord of Mysteries
389708	Jun Kikuta	Q87576284	https://anilist.co/character/389708	菊田純. Character in Under Doctor
389709	Chiwako Oshimori	Q87576284	https://anilist.co/character/389709	忍森知和子. Character in Under Doctor
389710	Knuckle	Q87576284	https://anilist.co/character/389710	ナックルル. Character in Ginga Legend Weed
389711	Bell	Q87576284	https://anilist.co/character/389711	ベル. Character in Ginga Legend Weed
389751	Shoubouchou Choukan	Q80447738	https://anilist.co/character/389751	消防庁長官. Character in Fire Force Season 2
389752	Seiyou no Kage Taichou	Q80447738	https://anilist.co/character/389752	聖陽の影隊長. Character in Fire Force Season 2
389753	Panda	Q80447738	https://anilist.co/character/389753	パンダ. Character in Fire Force Season 2
389754	Sancho	Q80447738	https://anilist.co/character/389754	サンチョ. Character in Fire Force Season 2
389756	Kaishuu Katsu	Q80447738	https://anilist.co/character/389756	勝海舟. Character in Fate/Grand Order CMs
389757	Danjou Matsunaga	Q80447738	https://anilist.co/character/389757	松永弾正. Character in Fate/Grand Order CMs
389761	Callian Beidan	Q1114461	https://anilist.co/character/389761	칼리안 베이드안. Character in The Legendary Hero is an Academy Honors Student
389762	Elena	Q1114461	https://anilist.co/character/389762	에레나. Character in The Legendary Hero is an Academy Honors Student
389763	Ain Ellandu	Q1114461	https://anilist.co/character/389763	아인 엘랑듀. Character in The Legendary Hero is an Academy Honors Student
389765	Caster B	Q80447738	https://anilist.co/character/389765	キャスターB. Character in Eureka Seven
389767	Noah	Q80447738	https://anilist.co/character/389767	ノア. Character in Fate/Grand Order CMs
389774	Deshi Murata	Q87576284	https://anilist.co/character/389774	邑田でし. Character in Killing Bites
389775	Cho-Eun Hong	Q1114461	https://anilist.co/character/389775	홍초은. Character in My Clueless Love Diary
389776	Byeong-Mok Kim	Q1114461	https://anilist.co/character/389776	김병목. Character in My Clueless Love Diary
389777	Yu-Hyeon Cha	Q1114461	https://anilist.co/character/389777	차유현. Character in My Clueless Love Diary
389778	Mi-Ro Kang	Q1114461	https://anilist.co/character/389778	강미로. Character in My Clueless Love Diary
389779	Won-Yeong Seol	Q1114461	https://anilist.co/character/389779	설원영. Character in My Clueless Love Diary
389780	Seok-Ho Gu	Q1114461	https://anilist.co/character/389780	구석호. Character in My Clueless Love Diary
389781	Yeon-Hui Song	Q1114461	https://anilist.co/character/389781	송연희. Character in My Clueless Love Diary
389782	Su-Jeong Choi	Q1114461	https://anilist.co/character/389782	최수정. Character in My Clueless Love Diary
389783	Su-Yeon Baek	Q1114461	https://anilist.co/character/389783	백수연. Character in My Clueless Love Diary
389784	Ji-Eun U	Q1114461	https://anilist.co/character/389784	우지은. Character in My Clueless Love Diary
389787	Ra-Hui O	Q1114461	https://anilist.co/character/389787	오라희. Character in Hole Journal: Unlocked
389788	Hui-Jin Baek	Q1114461	https://anilist.co/character/389788	백희진. Character in Hole Journal: Unlocked
389789	Seul-Bi Bo	Q1114461	https://anilist.co/character/389789	보슬비. Character in Hole Journal: Unlocked
389790	Murabito	Q80447738	https://anilist.co/character/389790	村人. Character in Frieren: Beyond Journey’s End Season 2
389791	Murabito	Q80447738	https://anilist.co/character/389791	村人. Character in Frieren: Beyond Journey’s End Season 2
389792	Murabito	Q80447738	https://anilist.co/character/389792	村人. Character in Frieren: Beyond Journey’s End Season 2
389793	Eihei	Q80447738	https://anilist.co/character/389793	衛兵. Character in Frieren: Beyond Journey’s End Season 2
389794	Shuuraku no Juunin	Q80447738	https://anilist.co/character/389794	集落の住人. Character in Frieren: Beyond Journey’s End Season 2
389798	Yura Marnin	Q1114461	https://anilist.co/character/389798	유라 마르닌. Character in The Legendary Hero is an Academy Honors Student
389799	Fiora	Q1114461	https://anilist.co/character/389799	피오라. Character in The Legendary Hero is an Academy Honors Student
389800	Eliza Hergin	Q1114461	https://anilist.co/character/389800	엘리자 헤르긴. Character in The Legendary Hero is an Academy Honors Student
389801	Firina	Q1114461	https://anilist.co/character/389801	피리나. Character in The Legendary Hero is an Academy Honors Student
389802	Un-Ha Go	Q1114461	https://anilist.co/character/389802	고운하. Character in Hit Me Hard
389803	Gyu-Han Cha	Q1114461	https://anilist.co/character/389803	차규한. Character in Hit Me Hard
389804	Lysinas	Q1114461	https://anilist.co/character/389804	리시나스. Character in The Legendary Hero is an Academy Honors Student
389805	Gyu-Won Cha	Q1114461	https://anilist.co/character/389805	차규원. Character in Hit Me Hard
389806	Rain Garland	Q80447738	https://anilist.co/character/389806	"レイン・ガーランド. Character in Tsuihou sareta Cheat Fuyo Majutsushi wa Kimama na Second Life wo Ouka suru.: Ore wa Buki dake ja Naku, Arayuru Mono ni ""Kyouka Point"" wo Fuyo Dekiru shi, Ore no Ishi de Itsudemo Kouka wo Kaijo Dekiru kedo, Nokotta Hitotachi Daijoubu?"
389807	Lily Flamebell	Q80447738	https://anilist.co/character/389807	"リリィ・フラムベル. Character in Tsuihou sareta Cheat Fuyo Majutsushi wa Kimama na Second Life wo Ouka suru.: Ore wa Buki dake ja Naku, Arayuru Mono ni ""Kyouka Point"" wo Fuyo Dekiru shi, Ore no Ishi de Itsudemo Kouka wo Kaijo Dekiru kedo, Nokotta Hitotachi Daijoubu?"
389808	Martina Zilla	Q3658341	https://anilist.co/character/389808	"マルチナ・ジーラ. Character in Tsuihou sareta Cheat Fuyo Majutsushi wa Kimama na Second Life wo Ouka suru.: Ore wa Buki dake ja Naku, Arayuru Mono ni ""Kyouka Point"" wo Fuyo Dekiru shi, Ore no Ishi de Itsudemo Kouka wo Kaijo Dekiru kedo, Nokotta Hitotachi Daijoubu?"
389809	Margaret Els	Q3658341	https://anilist.co/character/389809	"マーガレット・エルス. Character in Tsuihou sareta Cheat Fuyo Majutsushi wa Kimama na Second Life wo Ouka suru.: Ore wa Buki dake ja Naku, Arayuru Mono ni ""Kyouka Point"" wo Fuyo Dekiru shi, Ore no Ishi de Itsudemo Kouka wo Kaijo Dekiru kedo, Nokotta Hitotachi Daijoubu?"
389810	Mirabelle	Q3658341	https://anilist.co/character/389810	"ミラベル. Character in Tsuihou sareta Cheat Fuyo Majutsushi wa Kimama na Second Life wo Ouka suru.: Ore wa Buki dake ja Naku, Arayuru Mono ni ""Kyouka Point"" wo Fuyo Dekiru shi, Ore no Ishi de Itsudemo Kouka wo Kaijo Dekiru kedo, Nokotta Hitotachi Daijoubu?"
389811	Cyril	Q3658341	https://anilist.co/character/389811	"シリル. Character in Tsuihou sareta Cheat Fuyo Majutsushi wa Kimama na Second Life wo Ouka suru.: Ore wa Buki dake ja Naku, Arayuru Mono ni ""Kyouka Point"" wo Fuyo Dekiru shi, Ore no Ishi de Itsudemo Kouka wo Kaijo Dekiru kedo, Nokotta Hitotachi Daijoubu?"
389812	Nina	Q3658341	https://anilist.co/character/389812	"ニーナ. Character in Tsuihou sareta Cheat Fuyo Majutsushi wa Kimama na Second Life wo Ouka suru.: Ore wa Buki dake ja Naku, Arayuru Mono ni ""Kyouka Point"" wo Fuyo Dekiru shi, Ore no Ishi de Itsudemo Kouka wo Kaijo Dekiru kedo, Nokotta Hitotachi Daijoubu?"
389813	Dita	Q3658341	https://anilist.co/character/389813	"ディータ. Character in Tsuihou sareta Cheat Fuyo Majutsushi wa Kimama na Second Life wo Ouka suru.: Ore wa Buki dake ja Naku, Arayuru Mono ni ""Kyouka Point"" wo Fuyo Dekiru shi, Ore no Ishi de Itsudemo Kouka wo Kaijo Dekiru kedo, Nokotta Hitotachi Daijoubu?"
389814	Rosa	Q3658341	https://anilist.co/character/389814	"ローザ. Character in Tsuihou sareta Cheat Fuyo Majutsushi wa Kimama na Second Life wo Ouka suru.: Ore wa Buki dake ja Naku, Arayuru Mono ni ""Kyouka Point"" wo Fuyo Dekiru shi, Ore no Ishi de Itsudemo Kouka wo Kaijo Dekiru kedo, Nokotta Hitotachi Daijoubu?"
389815	Satan Marukko	Q3658341	https://anilist.co/character/389815	サタンマルッコ. Character in 12 Furlong no Chikushou Dou
389816	Kuniko Zama	Q3658341	https://anilist.co/character/389816	座間邦子. Character in 12 Furlong no Chikushou Dou
389817	Tomonori Tatekawa	Q3658341	https://anilist.co/character/389817	縦川友則. Character in 12 Furlong no Chikushou Dou
389818	Salvatore	Q87576284	https://anilist.co/character/389818	サルヴァトーレ. Character in The Gorgeous Salvatore
389819	Jane	Q87576284	https://anilist.co/character/389819	ジェーン. Character in The Gorgeous Salvatore
389822	Sharon Khoy	Q15711870	https://anilist.co/character/389822	雪伦 · 霍伊. Character in Lord of Mysteries
389823	Dennis	Q15711870	https://anilist.co/character/389823	丹尼斯. Character in Lord of Mysteries
389824	Mary Maynard	Q15711870	https://anilist.co/character/389824	玛丽·梅纳德. Character in Lord of Mysteries
389826	Haengunui Yeosin	Q1114461	https://anilist.co/character/389826	행운의 여신. Character in Artifact-Devouring Player
389827	Mi-So Kim	Q1114461	https://anilist.co/character/389827	김미소. Character in Artifact-Devouring Player
389828	Anna	Q1114461	https://anilist.co/character/389828	안나. Character in The Legendary Hero is an Academy Honors Student
389829	Ren Horrs	Q1114461	https://anilist.co/character/389829	렌 호르스. Character in The Legendary Hero is an Academy Honors Student
389830	Warden Tyden	Q1114461	https://anilist.co/character/389830	워레든 타이든. Character in The Legendary Hero is an Academy Honors Student
389831	Duran Moira	Q1114461	https://anilist.co/character/389831	듀란 모이라. Character in The Legendary Hero is an Academy Honors Student
389832	Carl Thomas	Q1114461	https://anilist.co/character/389832	칼 토마스. Character in The Legendary Hero is an Academy Honors Student
389834	Rio Sahara	Q87576284	https://anilist.co/character/389834	沙原璃王. Character in Killing Bites
389835	Sedzen	Q1114461	https://anilist.co/character/389835	세드젠. Character in The Legendary Hero is an Academy Honors Student
389836	Hallind Edmon	Q1114461	https://anilist.co/character/389836	할린드 에드몬. Character in The Legendary Hero is an Academy Honors Student
389837	Altian Niyer	Q1114461	https://anilist.co/character/389837	아르티안 니에르. Character in The Legendary Hero is an Academy Honors Student
389841	Yadonushi	Q3658341	https://anilist.co/character/389841	宿主. Character in Odayaka Kizoku no Kyuuka no Susume.
389842	Bai Zhi Shengnü	Q15711870	https://anilist.co/character/389842	白之圣女. Character in Lord of Mysteries
389844	Kimaki	Q80447738	https://anilist.co/character/389844	キマキ. Character in The Warrior Princess and the Barbaric King
389845	Sidius	Q80447738	https://anilist.co/character/389845	シディウス. Character in The Warrior Princess and the Barbaric King
389846	Yufa	Q80447738	https://anilist.co/character/389846	ユファ. Character in The Warrior Princess and the Barbaric King
389847	Vyufmec	Q80447738	https://anilist.co/character/389847	ヴュフメーク. Character in The Warrior Princess and the Barbaric King
389848	Calca Lot	Q80447738	https://anilist.co/character/389848	カルカ・ロト. Character in The Warrior Princess and the Barbaric King
389851	Nimuhara	Q80447738	https://anilist.co/character/389851	ニムハラ. Character in The Warrior Princess and the Barbaric King
389852	Guas	Q80447738	https://anilist.co/character/389852	グアス. Character in The Warrior Princess and the Barbaric King
389853	Nyrea	Q80447738	https://anilist.co/character/389853	ナィレア. Character in The Warrior Princess and the Barbaric King
389854	Balhas	Q80447738	https://anilist.co/character/389854	バルハス. Character in The Warrior Princess and the Barbaric King
389855	Vas	Q80447738	https://anilist.co/character/389855	ヴァス. Character in The Warrior Princess and the Barbaric King
389871	Nahas	Q3658341	https://anilist.co/character/389871	ナハス. Character in Odayaka Kizoku no Kyuuka no Susume.
389872	Flynn Paulfox	Q1114461	https://anilist.co/character/389872	플린 폴폭스. Character in The Fox's Love Refresher
389873	Hugo von Idrohan	Q1114461	https://anilist.co/character/389873	휴고 K. 폰 이드로한. Character in The Fox's Love Refresher
389881	Branson	Q1114461	https://anilist.co/character/389881	브랜슨. Character in The Fox's Love Refresher
389882	Tibeau	Q1114461	https://anilist.co/character/389882	티보. Character in The Fox's Love Refresher
389883	Ethan von Idrohan	Q1114461	https://anilist.co/character/389883	에단 무멤 폰 이드로한. Character in The Fox's Love Refresher
389885	Neigass	Q80447738	https://anilist.co/character/389885	ネイガス. Character in ROLL OVER AND DIE: I Will Fight for an Ordinary Life with My Love and Cursed Sword!
389886	Onatsu	Q80447738	https://anilist.co/character/389886	お夏. Character in Oedo Fire Slayer -The Legend of Phoenix-
389887	Riko	Q3658341	https://anilist.co/character/389887	狸狐. Character in Playing Death Games to Put Food on the Table
389888	Hyeon-U Lee	Q1114461	https://anilist.co/character/389888	이현우. Character in Her Rejuvenation
389889	Su-Yeon Jeong	Q1114461	https://anilist.co/character/389889	정수연. Character in Her Rejuvenation
389890	Seol-Ha Yun	Q1114461	https://anilist.co/character/389890	윤설하. Character in Her Rejuvenation
389892	Min-A Park	Q1114461	https://anilist.co/character/389892	박민아. Character in I Became an Apartment Manager
389904	Orine Kangetsu	Q3658341	https://anilist.co/character/389904	観月織音. Character in Sugu Kenka Suru Tokai Gyaru to Kyou-bijin wo Nakanaori Sasetai Dake na no ni! (※Watashi wo Toriau no wa Yamenasai!)
389905	Seira Tagiri	Q3658341	https://anilist.co/character/389905	田桐聖良. Character in Sugu Kenka Suru Tokai Gyaru to Kyou-bijin wo Nakanaori Sasetai Dake na no ni! (※Watashi wo Toriau no wa Yamenasai!)
389906	Tsubame Kurimoto	Q3658341	https://anilist.co/character/389906	栗本燕. Character in Sugu Kenka Suru Tokai Gyaru to Kyou-bijin wo Nakanaori Sasetai Dake na no ni! (※Watashi wo Toriau no wa Yamenasai!)
389907	Yako Mitsuya	Q87576284	https://anilist.co/character/389907	三ツ矢やこ. Character in Someone's Girlfriend
389908	Katharina Linda von Waigel	Q87576284	https://anilist.co/character/389908	カタリーナ・リンダ・フォン・ヴァイゲル. Character in Hachi-nan tte, Sore wa Nai deshou!
389910	Bertha Mathers	Q87576284	https://anilist.co/character/389910	ベルタ・メイザース. Character in After-School Bitchcraft
389911	Renji Fuyumi	Q87576284	https://anilist.co/character/389911	冬海蓮司. Character in After-School Bitchcraft
389912	Ririka Kirise	Q87576284	https://anilist.co/character/389912	桐瀬梨々香. Character in After-School Bitchcraft
389913	Fia	Q87576284	https://anilist.co/character/389913	フィーア. Character in After-School Bitchcraft
389914	Do-Hyeok Kang	Q1114461	https://anilist.co/character/389914	강도혁. Character in Jeotaek Yeongchunhwa: [Dandok] Mullanhan Geunomeul Gobalhamnida!
389915	Na-Hui Jeong	Q1114461	https://anilist.co/character/389915	정나희. Character in Jeotaek Yeongchunhwa: [Dandok] Mullanhan Geunomeul Gobalhamnida!
389921	Sophia	Q3658341	https://anilist.co/character/389921	ソフィア. Character in The Canon Fodder's Ascension from Pawn to World Unifier
389923	Zil	Q3658341	https://anilist.co/character/389923	ジル. Character in The Canon Fodder's Ascension from Pawn to World Unifier
389924	Hyeon-Ju Lee	Q1114461	https://anilist.co/character/389924	이현주. Character in Budaee Namguni Na Honja
389925	Nella Carven	Q1114461	https://anilist.co/character/389925	넬라 카븐. Character in The Legendary Hero is an Academy Honors Student
389926	Howl Nape	Q1114461	https://anilist.co/character/389926	하울 네이프. Character in The Legendary Hero is an Academy Honors Student
389927	Ilyana Laden	Q1114461	https://anilist.co/character/389927	일리아나 라덴. Character in The Legendary Hero is an Academy Honors Student
389928	Daisan Hybrid	Q87576284	https://anilist.co/character/389928	第三ハイブリッド. Character in Ginga Legend Weed
389929	Se-Geon Han	Q15632617	https://anilist.co/character/389929	한세건. Character in Reveries of the Moonlight
389930	Sylvester	Q1114461	https://anilist.co/character/389930	실베스테르. Character in Reveries of the Moonlight
389937	Pallez	Q15711870	https://anilist.co/character/389937	帕列斯. Character in Lord of Mysteries
389938	0-08	Q15711870	https://anilist.co/character/389938	0-08. Character in Lord of Mysteries
389939	Shion	Q3658341	https://anilist.co/character/389939	紫苑. Character in Playing Death Games to Put Food on the Table
389940	Kouchou	Q80447738	https://anilist.co/character/389940	校長. Character in You and I Are Polar Opposites
389941	Danshi	Q80447738	https://anilist.co/character/389941	男子. Character in You and I Are Polar Opposites
389942	Joshi	Q80447738	https://anilist.co/character/389942	女子. Character in You and I Are Polar Opposites
389943	Shi Shi	Q87576284	https://anilist.co/character/389943	シーシィ. Character in Lala's Married Life
389944	Luka	Q87576284	https://anilist.co/character/389944	ルカ. Character in Lala's Married Life
389945	Awra	Q87576284	https://anilist.co/character/389945	アウラ. Character in Lala's Married Life
389946	Rosan	Q87576284	https://anilist.co/character/389946	ロサン. Character in Lala's Married Life
389947	Tashi	Q87576284	https://anilist.co/character/389947	タシ. Character in Lala's Married Life
389950	Tae-Ri Sin	Q1114461	https://anilist.co/character/389950	신태리. Character in Artifact-Devouring Player
389951	Jin-Ho Jo	Q1114461	https://anilist.co/character/389951	조진호. Character in Artifact-Devouring Player
389952	Tade Marcoa	Q1114461	https://anilist.co/character/389952	테이드 마르코아. Character in The Legendary Hero is an Academy Honors Student
389953	Ulta	Q1114461	https://anilist.co/character/389953	울타. Character in The Legendary Hero is an Academy Honors Student
389954	Zamua Li	Q1114461	https://anilist.co/character/389954	리 자무아. Character in The Legendary Hero is an Academy Honors Student
389955	Yan Torua	Q1114461	https://anilist.co/character/389955	토루아 얀. Character in The Legendary Hero is an Academy Honors Student
389956	Leis Zerdinger	Q1114461	https://anilist.co/character/389956	리스 제르딩거. Character in The Legendary Hero is an Academy Honors Student
389958	Tenin	Q80447738	https://anilist.co/character/389958	店員. Character in Journal with Witch
389959	Do-Geon Ha	Q1114461	https://anilist.co/character/389959	하도건. Character in The Unexpected Detour
389961	Tsukushi Doushi	Q80447738	https://anilist.co/character/389961	ツクシ道士. Character in Hell’s Paradise Season 2
389986	Mio Kusakabe	Q87576284	https://anilist.co/character/389986	日下部澪. Character in Gisou Kareshi wa Ichizu ni Watashi wo Hanasanai
389987	Naozumi Furuya	Q87576284	https://anilist.co/character/389987	古谷直澄. Character in Gisou Kareshi wa Ichizu ni Watashi wo Hanasanai
389999	Copp	Q87576284	https://anilist.co/character/389999	コップ. Character in Goodbye, sea moon.
390000	Yuu Karatsuki	Q87576284	https://anilist.co/character/390000	柄月ゆう. Character in Goodbye, sea moon.
390002	Ally	Q87576284	https://anilist.co/character/390002	アリー. Character in Seijaku no Aria
390003	Cynthia	Q87576284	https://anilist.co/character/390003	シンシア. Character in Seijaku no Aria
390004	Ouga Shirokiba	Q87576284	https://anilist.co/character/390004	白牙オウガ. Character in Alien Headbutt
390006	Ben Barberry	Q80447738	https://anilist.co/character/390006	ベン・バーバリー. Character in Mobile Suit Gundam MS IGLOO 2: Gravity of the Battlefront
390007	Harman Yandell	Q80447738	https://anilist.co/character/390007	ハーマン・ヤンデル. Character in Mobile Suit Gundam MS IGLOO 2: Gravity of the Battlefront
390008	Elmer Snell	Q80447738	https://anilist.co/character/390008	エルマー・スネル. Character in Mobile Suit Gundam MS IGLOO 2: Gravity of the Battlefront
390009	Aline Nazon	Q80447738	https://anilist.co/character/390009	アリーヌ・ネイズン. Character in Mobile Suit Gundam MS IGLOO 2: Gravity of the Battlefront
390015	Ju-Yeon Park	Q1114461	https://anilist.co/character/390015	박주연. Character in Revenge
390016	Ji-Uk Kwon	Q1114461	https://anilist.co/character/390016	권지욱. Character in Revenge
390039	Karubi Akami	Q80447738	https://anilist.co/character/390039	赤見かるび. Character in Akami Karubi Henshin Movie
390060	Linea	Q1114461	https://anilist.co/character/390060	리네아. Character in Pleasurebound Princess
390061	Kaiya	Q1114461	https://anilist.co/character/390061	카이야. Character in Pleasurebound Princess
390062	Germes	Q1114461	https://anilist.co/character/390062	제르메스. Character in Pleasurebound Princess
390063	Adelita	Q1114461	https://anilist.co/character/390063	아델리타. Character in Pleasurebound Princess
390068	Dal-Yeong O	Q1114461	https://anilist.co/character/390068	오달영. Character in I'm a Vampire
390069	Bo-Ra Geum	Q1114461	https://anilist.co/character/390069	금보라. Character in I'm a Vampire
390070	Hae-Jin Lee	Q1114461	https://anilist.co/character/390070	이해진. Character in I'm a Vampire
390087	Naoko Yoshino	Q87576284	https://anilist.co/character/390087	吉野奈緒子. Character in Heavenly Delusion
390088	Hiroyasu Abiko	Q87576284	https://anilist.co/character/390088	我孫子浩康. Character in Heavenly Delusion
390089	Nata	Q87576284	https://anilist.co/character/390089	ナタ. Character in Heavenly Delusion
390090	Nonoko	Q87576284	https://anilist.co/character/390090	ノノコ. Character in Heavenly Delusion
390091	Kaida	Q87576284	https://anilist.co/character/390091	怪蛇. Character in Tokyo Fears Rhapsody
390092	Rodolphe Frankenstein	Q87576284	https://anilist.co/character/390092	ロドルフ・フランケンシユタイン. Character in Tokyo Fears Rhapsody
390093	Hachirou Futami	Q87576284	https://anilist.co/character/390093	二見八郎. Character in Tokyo Fears Rhapsody
390094	Juuzou Sabe	Q87576284	https://anilist.co/character/390094	佐辺重蔵. Character in Smoking
390095	Oryo	Q87576284	https://anilist.co/character/390095	お涼. Character in Ayako
390096	Kougyoku no Sho	Q87576284	https://anilist.co/character/390096	紅玉の書. Character in Fate/Samurai Remnant
390097	Ono no Takamura	Q87576284	https://anilist.co/character/390097	小野篁. Character in Fate/Grand Order: Fujimaru Ritsuka wa Wakaranai
390103	Alexander Claremont-Diaz	Q87576284	https://anilist.co/character/390103	アレグザンダー・ガブリエル・クレアモント＝ディアス. Character in Aka to Shiro to Royal Blue
390104	June Claremont-Diaz	Q87576284	https://anilist.co/character/390104	ジューン・クレアモント・ディアス. Character in Aka to Shiro to Royal Blue
390106	Shaan Shrivastava	Q87576284	https://anilist.co/character/390106	シャーン・スリヴァスタヴァ. Character in Aka to Shiro to Royal Blue
390107	Rafael Luna	Q87576284	https://anilist.co/character/390107	ラファエル・ルナ. Character in Aka to Shiro to Royal Blue
390108	Nora Holleran	Q87576284	https://anilist.co/character/390108	ノーラ・ホラーラン. Character in Aka to Shiro to Royal Blue
390109	Henry Fox-Mountchristen-Windsor	Q87576284	https://anilist.co/character/390109	ヘンリー・ジョージ・エドワード・ジェームズ・フォックス＝マウントクリステン＝ウィンザー. Character in Aka to Shiro to Royal Blue
390110	Percy Okonjo	Q87576284	https://anilist.co/character/390110	パーシー・オコンジョ. Character in Aka to Shiro to Royal Blue
390112	Anti-Sherbert	Q87576284	https://anilist.co/character/390112	アンチ・シャーベット. Character in Magical Beast Sherbet
390113	Rieka Kawato	Q87576284	https://anilist.co/character/390113	川兎リエカ. Character in Magical Beast Sherbet
390116	Pin Xiang Baba	Q15711870	https://anilist.co/character/390116	品翔爸爸. Character in Shen Zhiyi Jiao
390117	Pin Xiang Muqin	Q15711870	https://anilist.co/character/390117	品翔母亲. Character in Shen Zhiyi Jiao
390118	Shenmi Rin	Q15711870	https://anilist.co/character/390118	神秘人. Character in Shen Zhiyi Jiao
390119	Xiang Pin	Q15711870	https://anilist.co/character/390119	品翔. Character in Shen Zhiyi Jiao
390120	Shenmi Nanhai	Q15711870	https://anilist.co/character/390120	神秘男孩. Character in Shen Zhiyi Jiao
390122	Yanbing Cao	Q15711870	https://anilist.co/character/390122	曹焱兵. Character in Shen Zhiyi Jiao
390123	Xiaoting Ju	Q15711870	https://anilist.co/character/390123	橘小婷. Character in Shen Zhiyi Jiao
390124	Xiao Jingang	Q15711870	https://anilist.co/character/390124	小金刚. Character in Shen Zhiyi Jiao
390125	Quan Zhong	Q15711870	https://anilist.co/character/390125	犬仲. Character in Shen Zhiyi Jiao
390128	Gi-Tae	Q1114461	https://anilist.co/character/390128	기태. Character in Backdoor Neighbors
390129	Hae-Eun Seo	Q1114461	https://anilist.co/character/390129	서해은. Character in Backdoor Neighbors
390130	Yuno	Q87576284	https://anilist.co/character/390130	柚乃. Character in Aorikei Game Haishinsha (20-sai), Haishin no Kiri Wasure Niyori Ii Hito Bare Suru.
390131	Haruto Nakayama	Q87576284	https://anilist.co/character/390131	中山春斗. Character in Aorikei Game Haishinsha (20-sai), Haishin no Kiri Wasure Niyori Ii Hito Bare Suru.
390132	Aya Shirayuki	Q87576284	https://anilist.co/character/390132	白雪綾. Character in Aorikei Game Haishinsha (20-sai), Haishin no Kiri Wasure Niyori Ii Hito Bare Suru.
390135	Jun-Ha Kang	Q1114461	https://anilist.co/character/390135	강준하. Character in Yangachi, Sunaehamnida
390136	Yu-Jin Chae	Q1114461	https://anilist.co/character/390136	채유진. Character in Yangachi, Sunaehamnida
390148	Kache	Q80447738	https://anilist.co/character/390148	かちぇ. Character in NEEDY GIRL OVERDOSE
390151	Catherine	Q87576284	https://anilist.co/character/390151	カトリーヌ. Character in Fire Emblem Heroes: A Day in the Life
390171	Luna Rubinance	Q1114461	https://anilist.co/character/390171	루나 루비넌스. Character in The Legendary Hero is an Academy Honors Student
390172	Eiran Elsar	Q1114461	https://anilist.co/character/390172	에이란 에르사르. Character in The Legendary Hero is an Academy Honors Student
390173	Runia El Lundua	Q1114461	https://anilist.co/character/390173	루니아 엘 룬드아. Character in The Legendary Hero is an Academy Honors Student
390174	Kouya Urabe	Q80447738	https://anilist.co/character/390174	卜部昂也. Character in Diamond no Ace act II: Second Season
390175	Souichi Nagira	Q80447738	https://anilist.co/character/390175	柳楽宗一. Character in Diamond no Ace act II: Second Season
390176	Kouji Nara	Q80447738	https://anilist.co/character/390176	奈良晃司. Character in Diamond no Ace act II: Second Season
390202	Yeon-U Kim	Q1114461	https://anilist.co/character/390202	김연우. Character in Toying With Daddy
390204	Buka	Q80447738	https://anilist.co/character/390204	部下. Character in Ginga Densetsu Weed
390205	Matsu	Q87576284	https://anilist.co/character/390205	マツ. Character in Ginga Legend Weed
390206	Teisatsu Inu	Q80447738	https://anilist.co/character/390206	偵察犬. Character in Ginga Densetsu Weed
390208	Urun	Q80447738	https://anilist.co/character/390208	ウルーン. Character in The Demon King's Daughter is Too Kind!!
390209	Gauche	Q80447738	https://anilist.co/character/390209	ゴーシュ. Character in The Demon King's Daughter is Too Kind!!
390210	Maou Gun Heishi A	Q80447738	https://anilist.co/character/390210	魔王軍兵士A. Character in The Demon King's Daughter is Too Kind!!
390211	Maou Gun Heishi B	Q80447738	https://anilist.co/character/390211	魔王軍兵士B. Character in The Demon King's Daughter is Too Kind!!
390212	Kanshu	Q80447738	https://anilist.co/character/390212	看守. Character in The Demon King's Daughter is Too Kind!!
390213	Kappa	Q80447738	https://anilist.co/character/390213	河童. Character in The Demon King's Daughter is Too Kind!!
390214	Nazo no Shodoubutsu	Q80447738	https://anilist.co/character/390214	謎の小動物. Character in The Demon King's Daughter is Too Kind!!
390215	Kodomo	Q80447738	https://anilist.co/character/390215	子併. Character in The Demon King's Daughter is Too Kind!!
390216	Haha	Q80447738	https://anilist.co/character/390216	母. Character in The Demon King's Daughter is Too Kind!!
390217	Jeong-Min Cha	Q1114461	https://anilist.co/character/390217	차정민. Character in My Clueless Love Diary
390218	Yeong-Jin Ji	Q1114461	https://anilist.co/character/390218	지영진. Character in My Clueless Love Diary
390219	Seok-Ju Gu	Q1114461	https://anilist.co/character/390219	구석주. Character in My Clueless Love Diary
390220	So-I Ji	Q1114461	https://anilist.co/character/390220	지소이. Character in My Clueless Love Diary
390221	Un-Rok Hong	Q1114461	https://anilist.co/character/390221	홍운록. Character in My Clueless Love Diary
390222	Su-Hui Gong	Q1114461	https://anilist.co/character/390222	공수희. Character in The Hunter Next Door
390223	Ji-Ho Lee	Q1114461	https://anilist.co/character/390223	이지호. Character in The Hunter Next Door
390224	Saet-Byeol Ham	Q1114461	https://anilist.co/character/390224	함샛별. Character in The Hunter Next Door
390225	Bo-Hyeon Lim	Q15632617	https://anilist.co/character/390225	임보현. Character in The Hunter Next Door
390226	Chan-Min Park	Q1114461	https://anilist.co/character/390226	박찬민. Character in The Hunter Next Door
390227	Sang-Won Seo	Q1114461	https://anilist.co/character/390227	서상원. Character in The Hunter Next Door
390228	Rika Yamashina	Q87576284	https://anilist.co/character/390228	山科理香. Character in Hana-Kimi: For You in Full Blossom
390229	Kiyomi Kagurazaka	Q87576284	https://anilist.co/character/390229	神楽坂教美. Character in Hana-Kimi: For You in Full Blossom
390230	Tamami Kagurazaka	Q87576284	https://anilist.co/character/390230	神楽坂珠美. Character in Hana-Kimi: For You in Full Blossom
390233	Shizu Miyanaga	Q80447738	https://anilist.co/character/390233	宮永志津. Character in JAPAN, Our Homeland
390234	Rieko Sakamoto	Q80447738	https://anilist.co/character/390234	坂本理恵子. Character in JAPAN, Our Homeland
390236	Akira Yanagisawa	Q80447738	https://anilist.co/character/390236	柳沢明. Character in JAPAN, Our Homeland
390243	Hayato Kobayashi	Q87576284	https://anilist.co/character/390243	小林隼人. Character in Aoharu Once More
390244	Ritsu Oonishi	Q87576284	https://anilist.co/character/390244	大西律. Character in Aoharu Once More
390254	Ryuusei Oda	Q80447738	https://anilist.co/character/390254	織田龍成. Character in Yoroi-Shinden Samurai Troopers
390255	Musashi Houjou	Q80447738	https://anilist.co/character/390255	北条武蔵. Character in Yoroi-Shinden Samurai Troopers
390256	Kaito Uesugi	Q80447738	https://anilist.co/character/390256	上杉魁人. Character in Yoroi-Shinden Samurai Troopers
390257	Gai	Q80447738	https://anilist.co/character/390257	凱. Character in Yoroi-Shinden Samurai Troopers
390262	Risu Shinpu	Q80447738	https://anilist.co/character/390262	リース神父. Character in Fire Force Season 3 Part 2
390263	Raffles I	Q80447738	https://anilist.co/character/390263	ラフルス一世. Character in Fire Force Season 3 Part 2
390264	Nijii	Q80447738	https://anilist.co/character/390264	ニジー. Character in Star Detective Precure!
390265	Hanninda	Q80447738	https://anilist.co/character/390265	ハンニンダー. Character in Star Detective Precure!
390287	Nao Asakura	Q15632617	https://anilist.co/character/390287	浅桜奈央. Character in Orenchi ga Joshi no Tamariba ni Natteiru Ken
390288	Kanna Hanazono	Q15632617	https://anilist.co/character/390288	花園環奈. Character in Orenchi ga Joshi no Tamariba ni Natteiru Ken
390289	Mika Sasazuki	Q15632617	https://anilist.co/character/390289	笹月美佳. Character in Orenchi ga Joshi no Tamariba ni Natteiru Ken
390291	Mako Azami	Q87576284	https://anilist.co/character/390291	アザミマコ. Character in [Oshi no Ko]
390292	Dansei Kyaku	Q80447738	https://anilist.co/character/390292	男性客. Character in 【OSHI NO KO】Season 3
390293	Tenin	Q80447738	https://anilist.co/character/390293	店員. Character in 【OSHI NO KO】Season 3
390314	Kazuki Tsukumo	Q80447738	https://anilist.co/character/390314	九十九一希. Character in THE IDOLM@STER SideM Wakeatte Mini!
390341	Anzio Seito	Q80447738	https://anilist.co/character/390341	アンツィオ生徒. Character in Girls und Panzer: Motto Love Love Sakusen desu!
390342	Anzio Seito	Q80447738	https://anilist.co/character/390342	アンツィオ生徒. Character in Girls und Panzer: Motto Love Love Sakusen desu!
390343	Anzio Seito	Q80447738	https://anilist.co/character/390343	アンツィオ生徒. Character in Girls und Panzer: Motto Love Love Sakusen desu!
390344	Anzio Seito	Q80447738	https://anilist.co/character/390344	アンツィオ生徒. Character in Girls und Panzer: Motto Love Love Sakusen desu!
390345	Anzio Seito	Q80447738	https://anilist.co/character/390345	アンツィオ生徒. Character in Girls und Panzer: Motto Love Love Sakusen desu!
390346	Anzio Seito	Q80447738	https://anilist.co/character/390346	アンツィオ生徒. Character in Girls und Panzer: Motto Love Love Sakusen desu!
390347	Anzio Seito	Q80447738	https://anilist.co/character/390347	アンツィオ生徒. Character in Girls und Panzer: Motto Love Love Sakusen desu!
390348	Mini Pekoe	Q80447738	https://anilist.co/character/390348	ミニペコ. Character in Girls und Panzer: Motto Love Love Sakusen desu!
390349	Tenshu	Q80447738	https://anilist.co/character/390349	店主. Character in Girls und Panzer: Motto Love Love Sakusen desu!
390350	Hibiki Inatomi	Q80447738	https://anilist.co/character/390350	稲富ひびき. Character in Girls und Panzer: Motto Love Love Sakusen desu!
390403	Ariake Mihama	Q87576284	https://anilist.co/character/390403	アリアケ・ミハマ. Character in I’m Glad They Kicked Me From The Hero’s Party... But Why’re you following me, Great Saintess?
390404	Alicia	Q87576284	https://anilist.co/character/390404	アリシア. Character in I’m Glad They Kicked Me From The Hero’s Party... But Why’re you following me, Great Saintess?
390405	Colette Dubroises	Q87576284	https://anilist.co/character/390405	コレット・デュープロイシス. Character in I’m Glad They Kicked Me From The Hero’s Party... But Why’re you following me, Great Saintess?
390412	Alberto Lorenzi	Q87576284	https://anilist.co/character/390412	アルバート・ロレンツィ. Character in Koyoi, Lorenzi-ke de Kambinaru Chuusei wo
390413	Martha	Q87576284	https://anilist.co/character/390413	マーサ. Character in Koyoi, Lorenzi-ke de Kambinaru Chuusei wo
390414	Emilio		https://anilist.co/character/390414	エミリオ
390415	Emilio	Q87576284	https://anilist.co/character/390415	エミリオ. Character in Koyoi, Lorenzi-ke de Kambinaru Chuusei wo
390416	Rita	Q87576284	https://anilist.co/character/390416	リタ. Character in Koyoi, Lorenzi-ke de Kambinaru Chuusei wo
390417	Milena Marzini	Q87576284	https://anilist.co/character/390417	ミレーナ・マルツィーニ. Character in Koyoi, Lorenzi-ke de Kambinaru Chuusei wo
390418	Stefano	Q87576284	https://anilist.co/character/390418	ステファノ. Character in Koyoi, Lorenzi-ke de Kambinaru Chuusei wo
390419	Olga	Q87576284	https://anilist.co/character/390419	オリガ. Character in Koyoi, Lorenzi-ke de Kambinaru Chuusei wo
390426	Takashi Otomo	Q80447738	https://anilist.co/character/390426	大友隆. Character in Detective Conan: One-Eyed Flashback
390427	Madoka Tsuburai	Q80447738	https://anilist.co/character/390427	円井まどか. Character in Detective Conan: One-Eyed Flashback
390429	Kouji Sametani	Q80447738	https://anilist.co/character/390429	鮫谷浩二. Character in Detective Conan: One-Eyed Flashback
390430	Maki Funakubo	Q80447738	https://anilist.co/character/390430	舟久保真希. Character in Detective Conan: One-Eyed Flashback
390431	Eizou Funakubo	Q80447738	https://anilist.co/character/390431	舟久保英三. Character in Detective Conan: One-Eyed Flashback
390432	Sadakuni Mikuriya	Q80447738	https://anilist.co/character/390432	御厨貞邦. Character in Detective Conan: One-Eyed Flashback
390433	Suga Keibu	Q80447738	https://anilist.co/character/390433	須賀警部. Character in Detective Conan: One-Eyed Flashback
390434	Atsunobu Hayashi	Q80447738	https://anilist.co/character/390434	林篤信. Character in Detective Conan: One-Eyed Flashback
390435	Rikuo Hasebe	Q80447738	https://anilist.co/character/390435	長谷部陸夫. Character in Detective Conan: One-Eyed Flashback
390436	Yutaka Ochi	Q80447738	https://anilist.co/character/390436	越智豊. Character in Detective Conan: One-Eyed Flashback
390438	Chang-Hyeok Gwak	Q1114461	https://anilist.co/character/390438	곽창혁. Character in Gaeguri Salgi
390439	Yil-Ro Je	Q1114461	https://anilist.co/character/390439	제일로. Character in Gaeguri Salgi
390444	Si-Yeong Ju	Q1114461	https://anilist.co/character/390444	주시영. Character in BLOCK
390445	Mun-Ho	Q1114461	https://anilist.co/character/390445	문호. Character in BLOCK
390446	Target 1	Q1114461	https://anilist.co/character/390446	타깃1. Character in BLOCK
390447	Jeong-Bong Wang	Q1114461	https://anilist.co/character/390447	왕정봉. Character in BLOCK
390448	Target 2	Q1114461	https://anilist.co/character/390448	타깃 2. Character in BLOCK
390449	Eomma	Q1114461	https://anilist.co/character/390449	엄마. Character in BLOCK
390450	Bae-ssi	Q1114461	https://anilist.co/character/390450	배씨. Character in BLOCK
390451	Hong-Sin Seong	Q1114461	https://anilist.co/character/390451	성홍신. Character in BLOCK
390452	Bong-Ja Choi	Q1114461	https://anilist.co/character/390452	최봉자. Character in BLOCK
390453	Tae-Ho Jang	Q1114461	https://anilist.co/character/390453	장태호. Character in Last
390466	Taek-Jin Bae	Q1114461	https://anilist.co/character/390466	배택진. Character in Mr. Delivery Knight
390467	Tantheon Northia	Q1114461	https://anilist.co/character/390467	탄테온 루드 카틀로스 노스디아. Character in Mr. Delivery Knight
390468	Pader Brody	Q1114461	https://anilist.co/character/390468	파더 브로디. Character in Mr. Delivery Knight
390469	Sate Brody	Q1114461	https://anilist.co/character/390469	세이트 브로디. Character in Mr. Delivery Knight
390471	Louismount Edel Matheus Ron Signiela Heafre	Q1114461	https://anilist.co/character/390471	루이먼트 에델 마테우스 론 시그니엘라 히프레. Character in Mr. Delivery Knight
390500	Kazuo Fujisawa	Q87576284	https://anilist.co/character/390500	藤沢和雄. Character in LIAR GAME
390502	Yayoi Fuchidori	Q3658341	https://anilist.co/character/390502	縁鳥八代衣. Character in Playing Death Games to Put Food on the Table
390503	Aya	Q87576284	https://anilist.co/character/390503	あや. Character in Maiden of the Sacred Shrine
390504	Kyousuke	Q87576284	https://anilist.co/character/390504	京介. Character in Maiden of the Sacred Shrine
390505	Boltzmann	Q87576284	https://anilist.co/character/390505	ボルツマン. Character in Proof of Alien Absence
390506	Fermi	Q87576284	https://anilist.co/character/390506	フェルミ. Character in Proof of Alien Absence
390510	Stella Crowley	Q87576284	https://anilist.co/character/390510	ステラ・クロウリー. Character in Shinigami-sama to Sannen Keiyaku
390511	Morgana	Q87576284	https://anilist.co/character/390511	モルガナ. Character in Shinigami-sama to Sannen Keiyaku
390512	Tiara	Q87576284	https://anilist.co/character/390512	ティアラ. Character in Shinigami-sama to Sannen Keiyaku
390513	Levi	Q87576284	https://anilist.co/character/390513	リヴァイ. Character in Shinigami-sama to Sannen Keiyaku
390514	Siegfried	Q87576284	https://anilist.co/character/390514	ジルフリート. Character in Shinigami-sama to Sannen Keiyaku
390515	Zayn	Q87576284	https://anilist.co/character/390515	ゼイン. Character in Shinigami-sama to Sannen Keiyaku
390524	Yoi no Chichi	Q80447738	https://anilist.co/character/390524	宵の父. Character in In the Clear Moonlit Dusk
390525	Takuto Ouji	Q80447738	https://anilist.co/character/390525	大路拓人. Character in In the Clear Moonlit Dusk
390530	Ayumu Ino	Q87576284	https://anilist.co/character/390530	猪野歩. Character in Choose Only Me!
390531	Wataru Ebisaka	Q87576284	https://anilist.co/character/390531	海老坂渡. Character in Choose Only Me!
390536	Masanobu Kunishima	Q87576284	https://anilist.co/character/390536	国島雅信. Character in Mata Ashita Aeru yo
390537	Takato Kimura	Q87576284	https://anilist.co/character/390537	木村隆人. Character in Mata Ashita Aeru yo
390543	Vanitas Lindblum	Q3658341	https://anilist.co/character/390543	ヴァニタス・リンドブルム. Character in Reborn to Reign: Imposing My Rules with My Mastery of Magic
390544	Rapana	Q3658341	https://anilist.co/character/390544	ラパーナ. Character in Reborn to Reign: Imposing My Rules with My Mastery of Magic
390545	Christina Martia	Q3658341	https://anilist.co/character/390545	クリスティナ・マーティア. Character in Reborn to Reign: Imposing My Rules with My Mastery of Magic
390546	Hildgard	Q3658341	https://anilist.co/character/390546	ヒルデガルド. Character in Reborn to Reign: Imposing My Rules with My Mastery of Magic
390547	Tory Noelle		https://anilist.co/character/390547	トウリ・ノエル
390549	Kale	Q3658341	https://anilist.co/character/390549	ケイル. Character in Miss Medic's Diary at War
390550	Rakya	Q3658341	https://anilist.co/character/390550	ラキャ. Character in Miss Medic's Diary at War
390551	Arunoma	Q3658341	https://anilist.co/character/390551	アルノマ. Character in Miss Medic's Diary at War
390552	Sedoru	Q3658341	https://anilist.co/character/390552	セドル. Character in Miss Medic's Diary at War
390553	Aria	Q3658341	https://anilist.co/character/390553	アリア. Character in Miss Medic's Diary at War
390554	Sylph	Q3658341	https://anilist.co/character/390554	シルフ. Character in Miss Medic's Diary at War
390555	Rusty	Q3658341	https://anilist.co/character/390555	レスティ. Character in Miss Medic's Diary at War
390556	Lenalee	Q3658341	https://anilist.co/character/390556	リナリー. Character in Miss Medic's Diary at War
390557	Arugi	Q3658341	https://anilist.co/character/390557	アルギィ. Character in Miss Medic's Diary at War
390560	Teodoro Rudini	Q3658341	https://anilist.co/character/390560	テオドロ・ルディーニ. Character in Sister Mafioso
390561	Dina Ferletti	Q3658341	https://anilist.co/character/390561	ディーナ・フェルレッティ. Character in Sister Mafioso
390562	Aides Ormirage	Q3658341	https://anilist.co/character/390562	エイデス・オルミラージュ. Character in Proud to Be the Villainess
390563	Clartes	Q3658341	https://anilist.co/character/390563	クラーテス. Character in Proud to Be the Villainess
390564	Arvine	Q3658341	https://anilist.co/character/390564	アーバイン. Character in Proud to Be the Villainess
390565	Karla	Q3658341	https://anilist.co/character/390565	カーラ. Character in Proud to Be the Villainess
390566	Iora	Q3658341	https://anilist.co/character/390566	イオーラ. Character in Proud to Be the Villainess
390567	Leoniel	Q3658341	https://anilist.co/character/390567	レオニール. Character in Proud to Be the Villainess
390568	Sofoiru	Q3658341	https://anilist.co/character/390568	ソフォイル. Character in Proud to Be the Villainess
390569	Tsurugisu	Q3658341	https://anilist.co/character/390569	ツルギスー. Character in Proud to Be the Villainess
390570	Shizoruda	Q3658341	https://anilist.co/character/390570	シゾルダ. Character in Proud to Be the Villainess
390571	Teresaro	Q3658341	https://anilist.co/character/390571	テレサロ. Character in Proud to Be the Villainess
390572	Malefident	Q3658341	https://anilist.co/character/390572	マレフィデント. Character in Proud to Be the Villainess
390573	Hazel	Q3658341	https://anilist.co/character/390573	ヘーゼル. Character in Proud to Be the Villainess
390574	Alloy	Q3658341	https://anilist.co/character/390574	アロイ. Character in Proud to Be the Villainess
390575	Mizari	Q3658341	https://anilist.co/character/390575	ミザリ. Character in Proud to Be the Villainess
390576	Daristea	Q3658341	https://anilist.co/character/390576	ダリステア. Character in Proud to Be the Villainess
390577	Zumiano	Q3658341	https://anilist.co/character/390577	ズミアーノ. Character in Proud to Be the Villainess
390581	Thor	Q3658341	https://anilist.co/character/390581	トール. Character in The Accursed Chef and His Pair of Furry Foodies
390582	Kuro	Q3658341	https://anilist.co/character/390582	クロ. Character in The Accursed Chef and His Pair of Furry Foodies
390583	Shiro	Q3658341	https://anilist.co/character/390583	シロ. Character in The Accursed Chef and His Pair of Furry Foodies
390590	Se-Na Gi	Q1114461	https://anilist.co/character/390590	기세나. Character in Ihoneun Swiunde, Yeonaeneun Eoryeopda
390591	Kang-Hyeon Ryu	Q1114461	https://anilist.co/character/390591	류강현. Character in Ihoneun Swiunde, Yeonaeneun Eoryeopda
390600	Celine	Q80447738	https://anilist.co/character/390600	セリーヌ. Character in The Final-Boss Prince is Somehow Obsessed with the Chubby Villainess: Reincarnated Me
390601	Wilfred	Q80447738	https://anilist.co/character/390601	ウィルフレッド. Character in The Final-Boss Prince is Somehow Obsessed with the Chubby Villainess: Reincarnated Me
390602	Tsubaki	Q80447738	https://anilist.co/character/390602	椿姫. Character in SHIBOYUGI: Playing Death Games to Put Food on the Table
390604	Mikan	Q80447738	https://anilist.co/character/390604	蜜柑. Character in SHIBOYUGI: Playing Death Games to Put Food on the Table
390605	Chikuha	Q80447738	https://anilist.co/character/390605	竹葉. Character in SHIBOYUGI: Playing Death Games to Put Food on the Table
390606	Kaya	Q80447738	https://anilist.co/character/390606	夏夜. Character in SHIBOYUGI: Playing Death Games to Put Food on the Table
390607	Mayumi	Q80447738	https://anilist.co/character/390607	真弓. Character in SHIBOYUGI: Playing Death Games to Put Food on the Table
390608	Tsutomu Kaneko	Q80447738	https://anilist.co/character/390608	金子努. Character in SHIBOYUGI: Playing Death Games to Put Food on the Table
390609	Seok-Do Ma	Q1114461	https://anilist.co/character/390609	마석도. Character in Beomjoedosi 0
390610	Mishiro no Haha	Q80447738	https://anilist.co/character/390610	御城の母. Character in SHIBOYUGI: Playing Death Games to Put Food on the Table
390611	Sugiyama	Q80447738	https://anilist.co/character/390611	杉山. Character in SHIBOYUGI: Playing Death Games to Put Food on the Table
390612	Amon	Q80447738	https://anilist.co/character/390612	亜門. Character in SHIBOYUGI: Playing Death Games to Put Food on the Table
390613	Hiwada	Q80447738	https://anilist.co/character/390613	檜皮. Character in SHIBOYUGI: Playing Death Games to Put Food on the Table
390617	Warabi	Q80447738	https://anilist.co/character/390617	蕨. Character in SHIBOYUGI: Playing Death Games to Put Food on the Table
390618	Karin	Q80447738	https://anilist.co/character/390618	花梨. Character in SHIBOYUGI: Playing Death Games to Put Food on the Table
390619	Mito	Q80447738	https://anilist.co/character/390619	水戸. Character in SHIBOYUGI: Playing Death Games to Put Food on the Table
390625	Uppi	Q80447738	https://anilist.co/character/390625	ウッぴー. Character in The Ramparts of Ice
390626	Tsubasa Igarashi	Q80447738	https://anilist.co/character/390626	五十嵐翼. Character in The Ramparts of Ice
390627	Tsubasa Igarashi		https://anilist.co/character/390627	五十嵐翼
390628	Ponta	Q80447738	https://anilist.co/character/390628	ぽん太. Character in The Ramparts of Ice
390632	Sabishigariya no K	Q87576284	https://anilist.co/character/390632	寂しがり屋のＫ. Character in Dead Account
390635	Nagi Shinonome	Q3658341	https://anilist.co/character/390635	東雲凪. Character in Takou no Koori-hime wo Tasuketara, Otomodachi kara Hajimeru Koto ni Narimashita
390636	Souta Minori	Q3658341	https://anilist.co/character/390636	海似蒼太. Character in Takou no Koori-hime wo Tasuketara, Otomodachi kara Hajimeru Koto ni Narimashita
390637	Zoccha	Q87576284	https://anilist.co/character/390637	ぞっちゃ. Character in Baby Zoccha
390639	Touka Tsukizakura	Q87576284	https://anilist.co/character/390639	月桜燈夏. Character in Isekai Ojou-sama
390641	Ema Sakuraba	Q87576284	https://anilist.co/character/390641	桜羽エマ. Character in Mahou Shoujo no Majo Saiban
390642	Hiro Nikaidou	Q87576284	https://anilist.co/character/390642	二階堂ヒロ. Character in Mahou Shoujo no Majo Saiban
390647	Gaogaon	Q80447738	https://anilist.co/character/390647	ガオガオーン. Character in Wonderful Precure!
390648	Eliza Kurusu	Q80447738	https://anilist.co/character/390648	来栖エリザ. Character in Star Detective Precure!
390649	Kurea Howa	Q80447738	https://anilist.co/character/390649	帆羽くれあ. Character in Star Detective Precure!
390650	Taira Asai	Q80447738	https://anilist.co/character/390650	浅井たいら. Character in Star Detective Precure!
390651	Kurayaminda	Q80447738	https://anilist.co/character/390651	クラヤミンダー. Character in You and Idol Precure ♪
390652	Darkranda	Q80447738	https://anilist.co/character/390652	ダークランダー. Character in You and Idol Precure ♪
390653	Seo-Yun Hwa	Q1114461	https://anilist.co/character/390653	화서윤. Character in Nurturing Our Natures
390654	Tae-Jun Lee	Q1114461	https://anilist.co/character/390654	이태준. Character in Nurturing Our Natures
390655	Mina Koichi	Q87576284	https://anilist.co/character/390655	高地美耶. Character in Dead Account
390660	In-Seong Sin	Q1114461	https://anilist.co/character/390660	신인성. Character in Joyful Cumpany
390661	A-Rin Seo	Q1114461	https://anilist.co/character/390661	서아린. Character in Joyful Cumpany
390662	Bo-Mi Im	Q1114461	https://anilist.co/character/390662	임보미. Character in Joyful Cumpany
390663	Ji-Min Eun	Q1114461	https://anilist.co/character/390663	은지민. Character in Joyful Cumpany
390664	Ri-Chae Kwon	Q1114461	https://anilist.co/character/390664	권리채. Character in Joyful Cumpany
390665	Ro-Na Jang	Q1114461	https://anilist.co/character/390665	장로나. Character in Joyful Cumpany
390666	Hyeon-Seon Ju	Q1114461	https://anilist.co/character/390666	주현선. Character in Bimil: Yuchulgeumji
390667	Se-Eun Lee	Q1114461	https://anilist.co/character/390667	이세은. Character in Bimil: Yuchulgeumji
390668	Si-Ho Lee	Q1114461	https://anilist.co/character/390668	이시호. Character in Bimil: Yuchulgeumji
390669	Seong-Min Jeong	Q1114461	https://anilist.co/character/390669	정성민. Character in Nae Yeojachinguneun Imi Jogyowallyo Doeeotda
390670	Hui-Yeon Lee	Q1114461	https://anilist.co/character/390670	이희연. Character in Nae Yeojachinguneun Imi Jogyowallyo Doeeotda
390671	Su-A Jeong	Q1114461	https://anilist.co/character/390671	정수아. Character in Nae Yeojachinguneun Imi Jogyowallyo Doeeotda
390672	Ha-Yeong Lee	Q1114461	https://anilist.co/character/390672	이하영. Character in Nae Yeojachinguneun Imi Jogyowallyo Doeeotda
390673	Ji-Won Hong	Q1114461	https://anilist.co/character/390673	홍지원. Character in Team Jangnim, Ttokbaro Seoseyo
390674	Si-U Kim	Q1114461	https://anilist.co/character/390674	김시우. Character in Team Jangnim, Ttokbaro Seoseyo
390675	Su-Hui Lee	Q1114461	https://anilist.co/character/390675	이수희. Character in A naughty girl
390690	Ashley Southwick	Q80447738	https://anilist.co/character/390690	アシュリー・サウスウィック. Character in Fate/strange Fake